INDIRIZZO_SEDE;SEZIONE
VIA SAVARE MANLIO E GIOAC. 2                                    ;1
VIA GRAF ARTURO 70                                              ;2
VIA GRAF ARTURO 70                                              ;3
VIA MUGGIANO 16                                                 ;4
CSO PORTA ROMANA 112                                            ;5
VIA MANN THOMAS 8/A                                             ;6
VIA SAVARE MANLIO E GIOAC. 2                                    ;7
VIA VESPRI SICILIANI 75                                         ;8
VIA CROCEFISSO 11                                               ;9
VIA JOMMELLI NICCOLO' 17                                        ;10
VIA GRAF ARTURO 70                                              ;11
VIA DEI SALICI 2                                                ;12
VIA SANT'ORSOLA 15                                              ;13
VIA VISCONTI ALEX 16                                            ;14
VIA MONTE BALDO 11                                              ;15
VIA SANT'ORSOLA 15                                              ;16
VIA RIPAMONTI GIUSEPPE 435                                      ;17
VIA OJETTI UGO 13                                               ;18
VIA DELLE ANDE 4/A                                              ;19
VIA OJETTI UGO 13                                               ;20
VIA MARTINENGO FRANCESCO 36/A                                   ;21
VIA CROCEFISSO 11                                               ;22
VIA PINI TOMMASO 3/A                                            ;23
VIA CROCEFISSO 11                                               ;24
VIA DELLE ANDE 4/A                                              ;25
VIA CROCEFISSO 11                                               ;26
VIA CROCEFISSO 15                                               ;27
VIA CROCEFISSO 15                                               ;28
VIA PESCARENICO 6/A                                             ;29
VIA QUARENGHI GIACOMO 14                                        ;30
VIA QUARENGHI GIACOMO 14                                        ;31
VIA PINI TOMMASO 3/A                                            ;32
VIA PESCARENICO 6/A                                             ;33
VIA BIANCHI MOSE' 90                                            ;34
VIA MONTE PIANA 11                                              ;35
PZA MASSAIA GUGLIELMO 2                                         ;36
VIA MUGGIANO 16                                                 ;37
VIA LAMENNAIS 20                                                ;38
PZA MASSAIA GUGLIELMO 2                                         ;39
VIA MONTE PIANA 11                                              ;40
PZA MASSAIA GUGLIELMO 2                                         ;41
VIA SAVONA 71/B                                                 ;42
PZA MASSAIA GUGLIELMO 2                                         ;43
VIA OLONA 14                                                    ;44
VIA PIO II 3                                                    ;45
VIA SANT'ORSOLA 15                                              ;46
VIA SANT'ORSOLA 15                                              ;47
VIA SANT'ORSOLA 15                                              ;48
VIA PIO II 3                                                    ;49
VIA GALEAZZI RICCARDO 4                                         ;50
VIA SAN MAMETE 11                                               ;51
CSO DI PORTA NUOVA 23                                           ;54
VIA DEGLI ANEMONI 10                                            ;55
VIA GOITO 4/A                                                   ;56
VIA COLA DI RIENZO 1                                            ;57
VIA GOITO 4                                                     ;58
VIA CILEA FRANCESCO 12/A                                        ;59
PZA SICILIA 2                                                   ;61
VIA DE NICOLA ENRICO 2/A                                        ;64
VIA GOITO 4                                                     ;65
VIA VAL LAGARINA 44                                             ;66
VIA GOITO 4/A                                                   ;69
VIA QUARENGHI GIACOMO 14                                        ;72
VIA DELLA SPIGA 29                                              ;73
VIA DELLE ANDE 4/A                                              ;74
VIA DELLA SPIGA 29                                              ;78
VIA DELLA SPIGA 29                                              ;79
VIA SCROSATI LUIGI 3/A                                          ;80
VIA DELLA SPIGA 29                                              ;82
VIA DELLA SPIGA 29                                              ;83
VIA DE NICOLA ENRICO 2/A                                        ;84
VIA MONTE VELINO 4                                              ;86
VIA PISACANE CARLO 9                                            ;87
VIA DEI GUARNERI 21                                             ;88
VIA CAGLIERO GIOVANNI 20                                        ;91
VIA OJETTI UGO 13                                               ;92
VIA SAVARE MANLIO E GIOAC. 2                                    ;93
VIA SAVARE MANLIO E GIOAC. 2                                    ;94
VIA OJETTI UGO 13                                               ;97
VIA SAVARE MANLIO E GIOAC. 2                                    ;99
VIA DE NICOLA ENRICO 2/A                                        ;100
VIA PISACANE CARLO 9/A                                          ;104
VIA DELLE ANDE 4/A                                              ;105
VIA PISACANE CARLO 13                                           ;106
VIA PISACANE CARLO 13                                           ;109
VIA PISACANE CARLO 9/A                                          ;110
VIA PISACANE CARLO 13                                           ;111
PZA ASCOLI GRAZIADIO ISAIA 2/A                                  ;112
VIA PISACANE CARLO 9/A                                          ;113
VIA PISACANE CARLO 13                                           ;114
VIA PISACANE CARLO 13                                           ;116
VIA SAN MAMETE 11/A                                             ;117
VIA DEI SALICI 2                                                ;119
VIA IVREA 6                                                     ;120
VIA PISACANE CARLO 9                                            ;122
VIA MOROSINI EMILIO 11                                          ;123
VIA SCIALOIA VITTORIO 19                                        ;125
VIA BEZZECCA 18                                                 ;126
VIA PISACANE CARLO 13                                           ;128
VIA PISACANE CARLO 9                                            ;129
VIA PISACANE CARLO 9                                            ;130
VIA MOROSINI EMILIO 11/A                                        ;131
VIA MOROSINI EMILIO 11                                          ;135
VIA MOROSINI EMILIO 11/A                                        ;138
VIA MOROSINI EMILIO 11/A                                        ;139
VIA MOROSINI EMILIO 11/A                                        ;140
VLE MUGELLO 3                                                   ;141
VLE MUGELLO 5                                                   ;142
VIA BORSA MARIO 26                                              ;144
VLE MUGELLO 3                                                   ;146
VLE MUGELLO 3                                                   ;147
VIA MOROSINI EMILIO 11                                          ;149
VIA MOROSINI EMILIO 11                                          ;151
VIA MOROSINI EMILIO 11/A                                        ;152
VIA BEZZECCA 18                                                 ;153
VIA BEZZECCA 18                                                 ;157
VIA MOROSINI EMILIO 11/A                                        ;158
VIA DELLA COMMENDA 22                                           ;160
VIA DELLA COMMENDA 12                                           ;162
VIA DELLA COMMENDA 24                                           ;164
VIA DELLA COMMENDA 24                                           ;167
VIA DELLA COMMENDA 24                                           ;168
VIA DELLA COMMENDA 24                                           ;169
VIA VISCONTI ALEX 16                                            ;172
VIA DELLA COMMENDA 22                                           ;173
VIA DELLA COMMENDA 22                                           ;175
VIA QUARENGHI GIACOMO 14                                        ;177
CSO PORTA ROMANA 112                                            ;179
VIA DEI GUARNERI 21                                             ;181
CSO PORTA ROMANA 112                                            ;182
VIA DELLA COMMENDA 24                                           ;184
VIA SAVONA 71/B                                                 ;185
VIA MOROSINI EMILIO 11                                          ;186
VIA LORIA MOISE 37                                              ;187
VIA EINSTEIN ALBERTO 3/A                                        ;188
VIA EINSTEIN ALBERTO 3/A                                        ;189
VIA COLLETTA PIETRO 49/A                                        ;190
VIA COLLETTA PIETRO 49/A                                        ;191
VIA COLLETTA PIETRO 49/A                                        ;193
VIA COLLETTA PIETRO 49                                          ;195
VIA COLLETTA PIETRO 49/A                                        ;196
VIA VISCONTI ALEX 16                                            ;197
VIA COLLETTA PIETRO 49                                          ;198
VIA CILEA FRANCESCO 12                                          ;199
VIA ROMANO GIULIO 2/A                                           ;200
VIA ROMANO GIULIO 2                                             ;201
VIA FORZE ARMATE 279                                            ;204
VIA VISCONTI ALEX 16                                            ;205
VIA ROMANO GIULIO 2/A                                           ;206
VIA ROMANO GIULIO 2/A                                           ;207
VIA ROMANO GIULIO 2/A                                           ;208
VIA BOCCONI FERDINANDO 17                                       ;212
VIA BOCCONI FERDINANDO 17                                       ;213
VIA CILEA FRANCESCO 12                                          ;214
VIA ROMANO GIULIO 2                                             ;215
VIA BOCCONI FERDINANDO 17                                       ;217
VIA QUADRONNO 32                                                ;220
VIA FORZE ARMATE 279/A                                          ;221
VIA QUADRONNO 32                                                ;223
VIA QUADRONNO 32                                                ;224
VIA QUADRONNO 32                                                ;226
VIA BOCCONI FERDINANDO 17                                       ;229
VIA ROMANO GIULIO 2/A                                           ;230
VIA DELLA GIUSTIZIA 6                                           ;232
VIA BOCCONI FERDINANDO 17                                       ;234
VIA BOCCONI FERDINANDO 15                                       ;235
VIA BOCCONI FERDINANDO 15                                       ;236
VIA GENTILINO 14                                                ;237
VIA GENTILINO 14                                                ;238
VIA GENTILINO 14                                                ;240
VIA GENTILINO 14                                                ;242
VIA BRUNACCI VINCENZO 2/A                                       ;243
VIA CROCEFISSO 11/A                                             ;246
VIA CROCEFISSO 11/A                                             ;250
VIA DEI PANIGAROLA 14                                           ;251
VIA CROCEFISSO 11/A                                             ;252
VIA ARIBERTO 14                                                 ;257
VIA BORSA MARIO 26                                              ;259
VIA WOLF FERRARI ERMANNO 6                                      ;262
VIA ARIBERTO 14/A                                               ;263
VIA ARIBERTO 14                                                 ;264
VIA ARIBERTO 14/A                                               ;265
VIA ARIBERTO 14/A                                               ;269
VIA OLONA 14                                                    ;271
VIA OLONA 14                                                    ;272
VIA CRIMEA 22                                                   ;274
VIA DALMAZIA 4                                                  ;277
VIA GENTILINO 10                                                ;279
VIA GENTILINO 10                                                ;280
VIA GENTILINO 10                                                ;281
VIA SALERNO 1                                                   ;282
VIA GENTILINO 10                                                ;284
VIA GENTILINO 10                                                ;286
VIA GENTILINO 10                                                ;288
VIA BRUNACCI VINCENZO 2/A                                       ;291
VIA BRUNACCI VINCENZO 2/A                                       ;292
VIA BRUNACCI VINCENZO 2/A                                       ;294
VIA SALERNO 3/A                                                 ;295
VIA DEI SALICI 2                                                ;297
VIA VIGEVANO 19                                                 ;299
VIA VIGEVANO 19                                                 ;300
VIA VIGEVANO 19                                                 ;301
VIA VIGEVANO 19                                                 ;303
VIA DEGLI ANEMONI 10                                            ;305
VIA VIGEVANO 19                                                 ;306
VIA VIGEVANO 19                                                 ;309
VIA TOSI FRANCO 21                                              ;311
VIA PESTALOZZI GIOVANNI 13                                      ;313
VIA ARIBERTO 14                                                 ;315
VIA ARIBERTO 14                                                 ;316
VIA OLONA 14/A                                                  ;317
VIA ARIBERTO 14/A                                               ;319
VIA SAVONA 71/B                                                 ;320
VIA MONTE POPERA 12/A                                           ;321
VIA SAVONA 71/B                                                 ;322
VIA ANCO MARZIO 9                                               ;323
VIA ANCO MARZIO 9                                               ;324
VIA COLA DI RIENZO 1                                            ;325
VIA CRIMEA 22                                                   ;326
VIA SAVONA 71/B                                                 ;327
VIA DELL'ARCADIA 24/A                                           ;329
VIA MAURI ANGELO 10                                             ;331
VIA FLLI RUFFINI 4                                              ;333
VIA FLLI RUFFINI 4/A                                            ;334
VIA ASTURIE 1                                                   ;335
VIA FLLI RUFFINI 4                                              ;336
VIA FLLI RUFFINI 4/A                                            ;337
VIA FLLI RUFFINI 4/A                                            ;338
VIA SAPONARO MICHELE 20/A                                       ;340
VIA FLLI RUFFINI 4                                              ;342
VIA IVREA 6                                                     ;343
VIA MAURI ANGELO 5/A                                            ;345
VIA FLLI RUFFINI 4                                              ;346
VIA BEZZECCA 18                                                 ;348
VIA RASORI GIOVANNI 19                                          ;350
VIA RASORI GIOVANNI 19                                          ;351
VIA RASORI GIOVANNI 19                                          ;353
VIA MAURI ANGELO, 10/A                                          ;354
VIA OLONA 14/A                                                  ;357
VIA LORIA MOISE 37/A                                            ;362
VIA COLA DI RIENZO 1                                            ;363
VIA MATTEI GIANFRANCO 12/A                                      ;364
VIA LORIA MOISE 37                                              ;365
VIA BORSA MARIO 26                                              ;366
VIA LORIA MOISE 37/A                                            ;367
VIA COLA DI RIENZO 1                                            ;368
VIA BORSA MARIO 26                                              ;370
VIA ZUARA 7                                                     ;371
VIA MAURI ANGELO 10                                             ;372
VIA MAURI ANGELO 5/A                                            ;373
VIA MAURI ANGELO, 10/A                                          ;375
VIA BORSA MARIO 26                                              ;377
VIA MAURI ANGELO 5/A                                            ;378
VIA MAURI ANGELO 10                                             ;379
VIA MAURI ANGELO 10                                             ;381
VIA SAN GIACOMO 1                                               ;383
VIA ZUARA 7/A                                                   ;384
VIA ZUARA 7/A                                                   ;385
VIA ZUARA 7                                                     ;386
VIA SARDEGNA 14                                                 ;387
VIA SARDEGNA 14                                                 ;388
VIA SARDEGNA 14                                                 ;389
VIA SARDEGNA 14                                                 ;391
PZA SICILIA 2                                                   ;393
VIA DEI NARCISI 2                                               ;394
VIA RUSSO VINCENZO 23/A                                         ;396
VIA COLONNA VITTORIA 42/A                                       ;397
VIA RASORI GIOVANNI 19                                          ;399
PZA SICILIA 2                                                   ;400
VIA COLONNA VITTORIA 42/A                                       ;401
VIA MOSCATI PIETRO 5                                            ;402
VIA COLONNA VITTORIA 42                                         ;403
VIA COLONNA VITTORIA 42                                         ;406
VIA COLONNA VITTORIA 42                                         ;407
VIA COLONNA VITTORIA 42                                         ;409
VIA COLONNA VITTORIA 42                                         ;411
VIA DOLCI CARLO 5                                               ;414
BNI DI PORTA VOLTA 16/A                                         ;415
VIA GIUSTI GIUSEPPE 15/A                                        ;416
VIA GIUSTI GIUSEPPE 15/B                                        ;417
VIA GIUSTI GIUSEPPE 15/B                                        ;418
VIA LINNEO CARLO 2                                              ;422
VIA LINNEO CARLO 2                                              ;423
VIA LINNEO CARLO 2/A                                            ;424
VIA LINNEO CARLO 2                                              ;425
VIA MOSCATI PIETRO 5                                            ;426
VIA MOSCATI PIETRO 5                                            ;427
VIA MOSCATI PIETRO 5/A                                          ;428
VIA MOSCATI PIETRO 5/A                                          ;430
VIA MOSCATI PIETRO 5/A                                          ;431
VIA DOLCI CARLO 5                                               ;433
VIA UCCELLO PAOLO 1/A                                           ;435
VIA UCCELLO PAOLO 1/A                                           ;436
VIA DOLCI CARLO 5                                               ;437
VIA DOLCI CARLO 5                                               ;438
VIA LOVERE 4                                                    ;439
PLE TURR STEFANO 1                                              ;440
VIA UCCELLO PAOLO 1/A                                           ;441
VIA FARAVELLI LUIGI G. 32                                       ;444
VIA FARAVELLI LUIGI G. 32                                       ;446
VIA FARAVELLI LUIGI G. 32                                       ;447
VIA FARAVELLI LUIGI G. 32                                       ;449
PLE TURR STEFANO 1                                              ;450
VIA GATTAMELATA 37                                              ;451
PLE TURR STEFANO 1                                              ;452
VIA DE NICOLA ENRICO 2/A                                        ;453
VIA MOSCATI PIETRO 5/A                                          ;454
VIA LINNEO CARLO 2                                              ;457
VIA MANTEGNA ANDREA 10                                          ;458
VIA SALERNO 3/A                                                 ;460
VIA GIUSTI GIUSEPPE 15/B                                        ;461
VIA GIUSTI GIUSEPPE 15/B                                        ;462
VIA AIRAGHI 42                                                  ;465
VIA GIUSTI GIUSEPPE 15/A                                        ;467
VIA GIUSTI GIUSEPPE 15/A                                        ;468
VIA COLLETTA PIETRO 49                                          ;469
VIA GIUSTI GIUSEPPE 15/B                                        ;474
VIA MANTEGNA ANDREA 10                                          ;477
VIA MANTEGNA ANDREA 10                                          ;479
VIA MONVISO 2                                                   ;480
VIA SAN MAMETE 11/A                                             ;482
VIA MANTEGNA ANDREA 10/A                                        ;483
VIA MONVISO 2                                                   ;484
VIA MANTEGNA ANDREA 10/A                                        ;485
VIA MAC MAHON 98                                                ;487
VIA MAC MAHON 98                                                ;488
VIA MAC MAHON 96                                                ;489
VIA MAC MAHON 96                                                ;490
VIA MAC MAHON 96                                                ;493
VIA GIUSTI GIUSEPPE 15/A                                        ;495
VIA GIUSTI GIUSEPPE 15/A                                        ;498
BNI DI PORTA VOLTA 16/A                                         ;499
VIA GOITO 4                                                     ;501
VIA SCROSATI LUIGI 4                                            ;502
VIA LAMENNAIS 20                                                ;504
VIA SOLFERINO 50                                                ;505
VIA SOLFERINO 52                                                ;506
VIA EINSTEIN ALBERTO 3                                          ;508
VIA GABBRO 6                                                    ;510
VIA DORA BALTEA 16                                              ;511
VIA GOITO 4/A                                                   ;512
VIA GOITO 4/A                                                   ;514
VIA GOITO 4/A                                                   ;515
VIA BARONA 70                                                   ;518
VIA SOLFERINO 52                                                ;519
VIA SOLFERINO 52                                                ;521
VIA SOLFERINO 50                                                ;523
VIA SOLFERINO 50                                                ;525
BNI DI PORTA VOLTA 16/A                                         ;526
CSO DI PORTA NUOVA 23                                           ;530
VIA SAN COLOMBANO 8                                             ;532
VLE MONTE GRAPPA 1/A                                            ;534
VLE MONTE GRAPPA 1/A                                            ;535
VLE MONTE GRAPPA 1/A                                            ;537
VIA CALABRIA DON GIOVANNI 16                                    ;538
VIA DEI NARCISI 2/A                                             ;539
VLE MONTE GRAPPA 1/A                                            ;540
VIA DEI NARCISI 4/A                                             ;541
VLE MONTE GRAPPA 1/A                                            ;542
VIA CILEA FRANCESCO 12/A                                        ;543
VIA PEPE GUGLIELMO 40                                           ;547
VIA JACOPO DAL VERME 10                                         ;548
VIA BORSA MARIO 26                                              ;549
VIA JACOPO DAL VERME 10                                         ;550
VIA DELLE ANDE 4/A                                              ;551
VIA SALERNO 3                                                   ;552
VIA JACOPO DAL VERME 10                                         ;555
VIA JACOPO DAL VERME 10                                         ;556
VIA JACOPO DAL VERME 10                                         ;558
VIA PEPE GUGLIELMO 40                                           ;561
VIA PEPE GUGLIELMO 40                                           ;562
VIA DEGLI ANEMONI 10/A                                          ;564
VIA GALVANI LUIGI 7                                             ;566
VIA VEGLIA 80                                                   ;567
VIA GALVANI LUIGI 7                                             ;568
VIA GALVANI LUIGI 7                                             ;569
VIA CAVIGLIA ENRICO 8                                           ;570
VIA GALVANI LUIGI 7                                             ;571
VIA GALVANI LUIGI 7                                             ;573
VIA MUZIO EMANUELE 5                                            ;574
VIA MUZIO EMANUELE 5                                            ;575
VIA JACOPO DAL VERME 10/A                                       ;580
VIA GALVANI LUIGI 7                                             ;582
VIA SAPONARO MICHELE 36/A                                       ;583
VLE MONTE GRAPPA 1/A                                            ;585
VIA SAN GREGORIO 5                                              ;586
VIA SAN GREGORIO 5                                              ;589
VIA SAN GREGORIO 5                                              ;590
VIA CASATI FELICE 6                                             ;592
VIA CASATI FELICE 6                                             ;594
VIA CASATI FELICE 6                                             ;596
VIA FORZE ARMATE 279/A                                          ;600
VIA CASATI FELICE 6                                             ;601
VIA DE FILIPPI FILIPPO 2                                        ;603
VIA CASATI FELICE 6                                             ;604
VIA SAN GREGORIO 5                                              ;608
VIA MATTEUCCI CARLO 3                                           ;610
VIA PICCINNI NICOLA 10/A                                        ;613
VIA DE FILIPPI FILIPPO 2                                        ;614
VIA MATTEI GIANFRANCO 12/A                                      ;615
VIA PISACANE CARLO 9                                            ;616
VIA MATTEI GIANFRANCO 12/A                                      ;617
VIA STOPPANI ANTONIO 1                                          ;621
VIA DE NICOLA ENRICO 40                                         ;622
VIA STOPPANI ANTONIO 1                                          ;624
VIA DE FILIPPI FILIPPO 2                                        ;625
VIA LAMENNAIS 20                                                ;627
VIA MATTEUCCI CARLO 3                                           ;631
VIA SAN GIACOMO 1/A                                             ;633
VIA MATTEUCCI CARLO 3                                           ;634
VIA DELL'ARCADIA 24                                             ;635
VIA DE FILIPPI FILIPPO 2                                        ;636
VIA STOPPANI ANTONIO 1                                          ;638
VIA DE FILIPPI FILIPPO 2                                        ;641
VIA STOPPANI ANTONIO 1                                          ;642
VIA DE NICOLA ENRICO 2                                          ;644
VIA MANN THOMAS 8                                               ;646
VIA DEGLI ANEMONI 10/A                                          ;648
PZA LEONARDO DA VINCI 2                                         ;649
PZA ASCOLI GRAZIADIO ISAIA 2/B                                  ;651
PZA ASCOLI GRAZIADIO ISAIA 2/B                                  ;652
PZA ASCOLI GRAZIADIO ISAIA 2/B                                  ;655
VIA MANN THOMAS 8/A                                             ;657
VLE ROMAGNA 16                                                  ;659
VLE ROMAGNA 18                                                  ;662
VLE ROMAGNA 18                                                  ;663
VLE ROMAGNA 18                                                  ;665
VLE ROMAGNA 16                                                  ;666
VIA VITERBO 31                                                  ;667
PZA ASCOLI GRAZIADIO ISAIA 2/A                                  ;668
VIA PICCINNI NICOLA 10/A                                        ;669
PZA LEONARDO DA VINCI 2                                         ;671
PZA LEONARDO DA VINCI 2/A                                       ;673
PZA LEONARDO DA VINCI 2                                         ;674
VIA MATTEUCCI CARLO 3                                           ;675
PZA LEONARDO DA VINCI 2/A                                       ;676
PZA LEONARDO DA VINCI 2/A                                       ;678
VIA SALERNO 1                                                   ;679
VIA PICCINNI NICOLA 10/A                                        ;680
VIA PICCINNI NICOLA 10/A                                        ;684
VLE BRIANZA 18                                                  ;686
VLE BRIANZA 18                                                  ;687
VLE BRIANZA 18/A                                                ;690
VLE BRIANZA 18                                                  ;692
VLE BRIANZA 18                                                  ;693
VIA VENINI GIULIO E CORRADO 80                                  ;696
VLE BRIANZA 18                                                  ;698
VIA VAL D'INTELVI 11/A                                          ;699
VLE BRIANZA 18/A                                                ;700
VIA EINSTEIN ALBERTO 3                                          ;701
VIA VENINI GIULIO E CORRADO 78                                  ;702
VIA VENINI GIULIO E CORRADO 78                                  ;703
VIA VENINI GIULIO E CORRADO 78                                  ;704
VIA VENINI GIULIO E CORRADO 80                                  ;705
VIA VENINI GIULIO E CORRADO 80                                  ;706
VIA VENINI GIULIO E CORRADO 78                                  ;707
VIA SACCHINI ANTONIO 30                                         ;709
VIA MANN THOMAS 8                                               ;711
VIA PICCINNI NICOLA 10/A                                        ;712
VIA SACCHINI ANTONIO 34                                         ;713
VIA SACCHINI ANTONIO 30                                         ;715
VIA SAN GIACOMO 1                                               ;716
VIA VITERBO 31                                                  ;717
VIA COSTA ANDREA 24/A                                           ;718
VIA COSTA ANDREA 24                                             ;719
VIA SACCHINI ANTONIO 30                                         ;721
PZA LEONARDO DA VINCI 2/A                                       ;724
VIA PASCAL CARLO 35                                             ;725
VIA VITERBO 31                                                  ;726
VIA COSTA ANDREA 24/B                                           ;727
PZA LEONARDO DA VINCI 2/A                                       ;728
VIA SACCHINI ANTONIO 34                                         ;729
VIA SACCHINI ANTONIO 34                                         ;731
VIA SACCHINI ANTONIO 30                                         ;734
VIA SACCHINI ANTONIO 34                                         ;736
VIA MONTE BALDO 11                                              ;738
VIA COSTA ANDREA 24/B                                           ;739
VIA COSTA ANDREA 24/A                                           ;740
VIA COSTA ANDREA 24/B                                           ;741
VIA PADOVA 69                                                   ;743
VIA COSTA ANDREA 24/B                                           ;746
VIA SAN MAMETE 11                                               ;747
VIA COSTA ANDREA 24                                             ;748
VIA GIACOSA GIUSEPPE 46                                         ;749
VIA VENINI GIULIO E CORRADO 80                                  ;751
VIA VENINI GIULIO E CORRADO 78                                  ;752
VIA VENINI GIULIO E CORRADO 80                                  ;753
VIA LAMENNAIS 20/A                                              ;755
VIA VENINI GIULIO E CORRADO 80                                  ;756
VIA GIACOSA GIUSEPPE 46                                         ;760
VIA GIACOSA GIUSEPPE 46                                         ;762
VIA GIACOSA GIUSEPPE 46                                         ;765
VIA AIRAGHI 42                                                  ;766
VIA COSTA ANDREA 24/B                                           ;767
VIA COSTA ANDREA 24/A                                           ;770
VIA SACCHINI ANTONIO 34                                         ;771
VIA COSTA ANDREA 24                                             ;772
VIA RUSSO VINCENZO 23                                           ;775
VIA RUSSO VINCENZO 23                                           ;776
VIA SANT'ERLEMBARDO 4                                           ;778
VIA SANT'ERLEMBARDO 4                                           ;780
VIA CESALPINO ANDREA 38                                         ;781
VIA SANT'ERLEMBARDO 4                                           ;783
VIA CESALPINO ANDREA 38/A                                       ;784
VIA CESALPINO ANDREA 38/A                                       ;785
VIA MATTEI GIANFRANCO 12                                        ;786
VIA MATTEI GIANFRANCO 12                                        ;788
VIA MATTEI GIANFRANCO 12                                        ;789
VIA MATTEI GIANFRANCO 12                                        ;790
VIA SAN MAMETE 11/B                                             ;791
VIA SAN MAMETE 11/A                                             ;792
VIA SAN MAMETE 11                                               ;793
VIA SAN MAMETE 11                                               ;794
VIA CESALPINO ANDREA 38                                         ;796
VIA BRESCIANI TURRONI COSTANTINO 3                              ;797
VIA SAN MAMETE 11/B                                             ;799
VIA BRESCIANI TURRONI COSTANTINO 3                              ;800
VIA BRESCIANI TURRONI COSTANTINO 5                              ;801
VIA BRESCIANI TURRONI COSTANTINO 5                              ;802
VIA RUSSO VINCENZO 23/A                                         ;803
VIA BRESCIANI TURRONI COSTANTINO 3                              ;805
VIA PADOVA 69                                                   ;806
VIA RUSSO VINCENZO 23/A                                         ;807
VIA RUSSO VINCENZO 23/A                                         ;808
VIA SAN GIACOMO 1                                               ;812
VIA PINI TOMMASO 3                                              ;813
VIA PASCAL CARLO 35                                             ;816
VIA PASCAL CARLO 35                                             ;817
VIA PASCAL CARLO 35/A                                           ;818
VIA FELTRE 68/1                                                 ;820
VIA FELTRE 68/1A                                                ;821
VIA PINI TOMMASO 3                                              ;822
VIA PINI TOMMASO 3                                              ;823
VIA PINI TOMMASO 3                                              ;824
PZA LEONARDO DA VINCI 2                                         ;825
PZA LEONARDO DA VINCI 2                                         ;827
VIA VALVASSORI PERONI CARLO 8                                   ;828
VLE ROMAGNA 16                                                  ;832
VIA ZAMBALDI SILVIO 2                                           ;834
VIA ZAMBALDI SILVIO 2                                           ;835
VIA SAN GIACOMO 1/A                                             ;836
VIA ZAMBALDI SILVIO 2                                           ;837
PZA SAN GEROLAMO 2                                              ;838
VIA VALVASSORI PERONI CARLO 8                                   ;839
VIA VALVASSORI PERONI CARLO 8                                   ;840
VIA VALVASSORI PERONI CARLO 8                                   ;841
PZA SAN GEROLAMO 2                                              ;844
PZA SAN GEROLAMO 2                                              ;847
PZA SAN GEROLAMO 2                                              ;848
VIA SAN GIACOMO 1/A                                             ;852
VLE ROMAGNA 16                                                  ;853
VLE ROMAGNA 16                                                  ;855
VIA DE ANDREIS LUIGI 10/A                                       ;856
VLE ROMAGNA 16                                                  ;857
VIA DE ANDREIS LUIGI 10                                         ;859
VIA DE ANDREIS LUIGI 10                                         ;861
VLE ROMAGNA 18                                                  ;862
VLE MUGELLO 5                                                   ;863
VIA DE ANDREIS LUIGI 10                                         ;865
VIA SAPONARO MICHELE 20/A                                       ;866
VLE MUGELLO 3                                                   ;868
VIA DE ANDREIS LUIGI 10                                         ;869
VLE MUGELLO 5                                                   ;871
VLE MUGELLO 3                                                   ;874
VLE MUGELLO 3                                                   ;875
VIA DE ANDREIS LUIGI 10                                         ;877
VIA DECORATI AL VALOR CIVILE 10                                 ;878
VIA BEZZECCA 18                                                 ;879
VIA PARETO VILFREDO 26                                          ;881
VIA MOROSINI EMILIO 11                                          ;883
VIA EINSTEIN ALBERTO 3                                          ;884
VIA BEZZECCA 18                                                 ;886
VIA MONTE VELINO 4                                              ;889
VIA MONTE VELINO 4                                              ;890
VIA MONTE VELINO 4/A                                            ;891
VIA MONTE VELINO 4/A                                            ;895
VIA MONTE VELINO 4                                              ;898
VIA MONTE VELINO 4/A                                            ;899
VIA WOLF FERRARI ERMANNO 6                                      ;900
VIA MONTE VELINO 4/A                                            ;901
VIA MONTE VELINO 4/A                                            ;902
VIA MONTE VELINO 4                                              ;903
VIA MONTE VELINO 4                                              ;904
VIA EINSTEIN ALBERTO 3                                          ;905
VIA DEI NARCISI 2                                               ;906
VIA EINSTEIN ALBERTO 3/A                                        ;907
VIA COLLETTA PIETRO 49                                          ;908
LGO GUERRIERI GONZAGA A. 4                                      ;909
VIA DALMAZIA 4                                                  ;910
LGO GUERRIERI GONZAGA A. 4/A                                    ;912
LGO GUERRIERI GONZAGA A. 4/A                                    ;913
VIA UCELLI DI NEMI GUIDO 54                                     ;914
VIA UCELLI DI NEMI GUIDO 54                                     ;915
VIA MONTE PIANA 11                                              ;916
VIA MONTE PIANA 11                                              ;917
VIA MONTE PIANA 11                                              ;920
VIA MARTINENGO FRANCESCO 36                                     ;921
VIA MARTINENGO FRANCESCO 36/A                                   ;922
VIA OGLIO 20                                                    ;924
VIA MINCIO 19/A                                                 ;925
VIA OGLIO 20                                                    ;927
VIA OGLIO 20                                                    ;928
VLE ORTLES 69                                                   ;929
VIA MINCIO 19/A                                                 ;930
VIA OGLIO 20                                                    ;931
VIA POLESINE 12                                                 ;933
VIA POLESINE 12                                                 ;934
VIA MINCIO 21                                                   ;936
VIA MINCIO 21                                                   ;938
VIA POLESINE 14                                                 ;940
VIA POLESINE 14                                                 ;941
VIA POLESINE 12                                                 ;942
VIA S. DIONIGI 36                                               ;945
VIA S. DIONIGI 36                                               ;946
VIA S. DIONIGI 36                                               ;947
VIA S. DIONIGI 36/A                                             ;948
VIA S. DIONIGI 36/A                                             ;951
VIA DEI GUARNERI 21                                             ;952
VIA DEI GUARNERI 21                                             ;953
VIA SAPONARO MICHELE 36/A                                       ;954
VIA DELL'ARCADIA 24                                             ;955
VIA S. DIONIGI 36                                               ;956
VIA DEI CINQUECENTO 21                                          ;957
VIA S. DIONIGI 36                                               ;959
VIA DEI GUARNERI 21                                             ;960
VIA DEI GUARNERI 21                                             ;961
VIA WOLF FERRARI ERMANNO 6                                      ;962
VIA WOLF FERRARI ERMANNO 6                                      ;963
VIA ANTONINI GIACOMO 50                                         ;964
VIA ANTONINI GIACOMO 50                                         ;965
VIA ANTONINI GIACOMO 50                                         ;968
VIA BOGNETTI GIOVANNI E G 15                                    ;969
VIA ANTONINI GIACOMO 50                                         ;970
VIA BOGNETTI GIOVANNI E G 15                                    ;971
VIA BRUNACCI VINCENZO 2                                         ;973
VIA BRUNACCI VINCENZO 2                                         ;974
VIA BRUNACCI VINCENZO 2                                         ;976
VIA PESCARENICO 6/A                                             ;978
VIA PALMIERI NICOLA 26                                          ;979
VIA PALMIERI NICOLA 24                                          ;981
VIA PALMIERI NICOLA 24                                          ;982
VIA BOGNETTI GIOVANNI E G 15                                    ;983
VIA BOGNETTI GIOVANNI E G 15                                    ;984
VIA PALMIERI NICOLA 24/A                                        ;985
VIA PALMIERI NICOLA 24/A                                        ;986
VIA PALMIERI NICOLA 24/A                                        ;988
VIA PALMIERI NICOLA 24/A                                        ;989
VIA PALMIERI NICOLA 24                                          ;990
VIA PALMIERI NICOLA 26                                          ;994
VIA PALMIERI NICOLA 24                                          ;995
VIA PALMIERI NICOLA 26                                          ;1001
VIA PALMIERI NICOLA 26                                          ;1003
VIA DE NICOLA ENRICO 2/A                                        ;1004
VIA SALERNO 3/A                                                 ;1005
VIA SALERNO 3                                                   ;1006
VIA SALERNO 3                                                   ;1007
VIA SALERNO 1                                                   ;1008
VIA PEPERE ALBERTO 2                                            ;1010
VIA DI RUDINI ANTONIO 3                                         ;1012
VIA PEPERE ALBERTO 2                                            ;1013
VIA BALSAMO CRIVELLI 3                                          ;1015
VIA BALSAMO CRIVELLI 3                                          ;1016
VIA PESTALOZZI GIOVANNI 13                                      ;1017
VIA VESPRI SICILIANI 75/A                                       ;1019
VIA CARRIERA ROSALBA 12                                         ;1020
VIA VESPRI SICILIANI 75                                         ;1021
VIA ZUARA 7                                                     ;1022
VIA ZUARA 7                                                     ;1023
VIA VESPRI SICILIANI 75/A                                       ;1024
VIA VESPRI SICILIANI 75/A                                       ;1025
VIA VESPRI SICILIANI 75/A                                       ;1027
VIA SCROSATI LUIGI 3                                            ;1028
VIA DEL CARDELLINO 51                                           ;1029
VIA DEL CARDELLINO 51                                           ;1030
VIA DEI NARCISI 2                                               ;1032
VIA SCROSATI LUIGI 3                                            ;1033
VIA DEI NARCISI 4                                               ;1034
VIA DEL CARDELLINO 51                                           ;1035
VIA DEI NARCISI 4/A                                             ;1037
VIA DEI NARCISI 4/A                                             ;1038
VLE CATERINA DA FORLI' 19                                       ;1039
VIA BARTOLOMEO D'ALVIANO 78                                     ;1040
VIA TRIVULZIO ANTONIO TOLOMEO 15                                ;1043
VIA TRIVULZIO ANTONIO TOLOMEO 15                                ;1044
VIA CRIMEA 22/A                                                 ;1045
VIA FORZE ARMATE 67                                             ;1046
VIA FORZE ARMATE 67                                             ;1048
VIA FORZE ARMATE 67                                             ;1050
VIA DOLCI CARLO 5/A                                             ;1051
VIA DOLCI CARLO 5/A                                             ;1052
VIA DOLCI CARLO 5                                               ;1056
VIA PARAVIA PIER ALESSANDRO 85                                  ;1059
VIA PARAVIA PIER ALESSANDRO 83                                  ;1062
VIA PARAVIA PIER ALESSANDRO 85                                  ;1063
VIA PARAVIA PIER ALESSANDRO 85                                  ;1064
VIA MARTINETTI PIERO 25                                         ;1068
VIA PARAVIA PIER ALESSANDRO 83                                  ;1069
VIA PARAVIA PIER ALESSANDRO 83                                  ;1070
VIA PARAVIA PIER ALESSANDRO 83                                  ;1072
VIA PISTOIA 30                                                  ;1073
VIA ANSELMO DA BAGGIO 60                                        ;1074
VIA ANSELMO DA BAGGIO 60                                        ;1075
VIA ANSELMO DA BAGGIO 60                                        ;1076
VIA MARTINETTI PIERO 25                                         ;1077
VIA FORZE ARMATE 67                                             ;1078
VIA DEGLI ANEMONI 10                                            ;1079
VIA MARTINETTI PIERO 25                                         ;1080
VIA VALDAGNO 8                                                  ;1081
VIA OSTENO 1                                                    ;1082
VIA OSTENO 1                                                    ;1083
VIA VITERBO 31                                                  ;1084
VIA VAL D'INTELVI 11/A                                          ;1085
VIA MUGGIANO 16                                                 ;1087
VIA ANSELMO DA BAGGIO 60                                        ;1089
VIA VAL D'INTELVI 11                                            ;1090
VIA VAL D'INTELVI 11                                            ;1092
VIA AIRAGHI 42                                                  ;1094
VIA SILLA LUCIO CORNELIO 150                                    ;1095
VIA SILLA LUCIO CORNELIO 150                                    ;1096
VIA FORZE ARMATE 279/A                                          ;1097
VIA MONTE BALDO 11                                              ;1099
VIA LAMENNAIS 20                                                ;1100
VIA PARAVIA PIER ALESSANDRO 83                                  ;1102
VIA PARAVIA PIER ALESSANDRO 85                                  ;1103
VIA CILEA FRANCESCO 12/A                                        ;1107
VIA PARETO VILFREDO 26                                          ;1111
VIA PARETO VILFREDO 26                                          ;1112
VIA PARETO VILFREDO 26                                          ;1113
VIA PARETO VILFREDO 26                                          ;1114
VIA GALLARATE 15                                                ;1115
VIA PALAZZOLO DON LUIGI 21                                      ;1116
VIA GATTAMELATA 37                                              ;1117
VIA GALLARATE 15                                                ;1118
VIA CONSOLE MARCELLO 9                                          ;1119
VIA CONSOLE MARCELLO 9                                          ;1120
VIA DE ROSSI GIOVANNI BATTISTA 2                                ;1121
VIA DE NICOLA ENRICO 40                                         ;1123
VIA DELL'ARCADIA 24/A                                           ;1124
VIA CONSOLE MARCELLO 9                                          ;1125
VIA DE ROSSI GIOVANNI BATTISTA 2                                ;1127
VIA DE ROSSI GIOVANNI BATTISTA 2                                ;1128
VIA MAC MAHON 96                                                ;1130
VIA MAC MAHON 96/A                                              ;1132
VIA MAC MAHON 96/A                                              ;1133
VIA MAC MAHON 96/A                                              ;1135
VIA MAC MAHON 98                                                ;1136
VIA CONSOLE MARCELLO 9/A                                        ;1137
VIA MAC MAHON 98                                                ;1141
VIA MAC MAHON 98/A                                              ;1142
VIA MAC MAHON 98/A                                              ;1143
VIA MAC MAHON 98/A                                              ;1144
VIA CONSOLE MARCELLO 9                                          ;1148
VIA CONSOLE MARCELLO 9/A                                        ;1149
VIA WOLF FERRARI ERMANNO 6                                      ;1151
VIA GRASSI GIOVANNI BATTISTA 74                                 ;1152
VIA CITTADINI PIER FRANCESCO 11                                 ;1154
VIA CITTADINI PIER FRANCESCO 11                                 ;1155
VIA SALERNO 1                                                   ;1156
VIA VISCONTI ALEX 16                                            ;1159
VIA VAL LAGARINA 44                                             ;1161
VIA CITTADINI PIER FRANCESCO 11                                 ;1163
VIA GRAF ARTURO 70/A                                            ;1164
VLE BODIO LUIGI 22                                              ;1165
VLE BODIO LUIGI 22                                              ;1167
VIA MAFFUCCI ANGIOLO 60                                         ;1168
VIA MAFFUCCI ANGIOLO 60                                         ;1170
VLE BODIO LUIGI 22                                              ;1172
VLE BODIO LUIGI 22                                              ;1173
VIA MAFFUCCI ANGIOLO 60                                         ;1174
VLE BODIO LUIGI 22                                              ;1175
VLE BODIO LUIGI 22                                              ;1176
VIA GABBRO 6                                                    ;1178
VIA MAFFUCCI ANGIOLO 60                                         ;1181
VIA LIVIGNO 11                                                  ;1182
VIA GUICCIARDI DIEGO 1/A                                        ;1184
VIA MAFFUCCI ANGIOLO 60                                         ;1185
VIA LIVIGNO 11                                                  ;1186
VIA GUICCIARDI DIEGO 1/A                                        ;1187
VIA GUICCIARDI DIEGO 1/A                                        ;1188
VIA GUICCIARDI DIEGO 1                                          ;1190
VIA CRESPI BENIGNO 1                                            ;1191
VIA PEPE GUGLIELMO 40                                           ;1192
VIA PEPE GUGLIELMO 40                                           ;1194
VIA DE CONTI BERNARDINO 3                                       ;1196
VIA DE CONTI BERNARDINO 3                                       ;1200
VIA DE CONTI BERNARDINO 3                                       ;1201
VIA CRESPI BENIGNO 1                                            ;1203
VIA CRESPI BENIGNO 1                                            ;1204
VIA LIVIGNO 11                                                  ;1205
VIA CRESPI BENIGNO 1                                            ;1207
VIA TRECHI SIGISMONDO 11                                        ;1209
VIA TRECHI SIGISMONDO 11                                        ;1210
VIA DORA BALTEA 16                                              ;1211
VIA DEL VOLGA 3                                                 ;1212
VIA DEL VOLGA 3                                                 ;1213
VIA IVREA 6                                                     ;1214
VIA IVREA 6                                                     ;1215
VIA IVREA 6/A                                                   ;1216
VIA IVREA 6/A                                                   ;1218
VIA FABRIANO 4                                                  ;1219
VIA FABRIANO 4                                                  ;1220
VIA SCIALOIA VITTORIO 19                                        ;1221
VIA IVREA 6/A                                                   ;1222
VIA MUZIO EMANUELE 5/A                                          ;1227
VIA MUZIO EMANUELE 5/A                                          ;1229
VIA CAGLIERO GIOVANNI 20                                        ;1230
VLE ZARA 96                                                     ;1232
VIA MUZIO EMANUELE 5/A                                          ;1233
VIA MUZIO EMANUELE 5/A                                          ;1236
VLE ZARA 96                                                     ;1237
VLE ZARA 96                                                     ;1241
PLE ISTRIA 11                                                   ;1242
VIA DELLA GIUSTIZIA 6                                           ;1244
VIA DELLA GIUSTIZIA 6                                           ;1245
VIA BOTTELLI GIUSEPPE 1                                         ;1246
VIA BOTTELLI GIUSEPPE 1                                         ;1247
PLE ISTRIA 11                                                   ;1249
PLE ISTRIA 11                                                   ;1251
VIA PIANELL SALVATORE 40/A                                      ;1254
VIA PIANELL SALVATORE 40/A                                      ;1255
VIA PIANELL SALVATORE 40                                        ;1256
VIA PIANELL SALVATORE 40                                        ;1257
VIA PASSERINI GIAN BATTISTA 8/A                                 ;1258
VIA PIANELL SALVATORE 40                                        ;1259
VIA PASSERINI GIAN BATTISTA 8/B                                 ;1260
VIA PASSERINI GIAN BATTISTA 8/B                                 ;1261
VIA PASSERINI GIAN BATTISTA 8                                   ;1263
VIA PASSERINI GIAN BATTISTA 8                                   ;1264
VIA PASSERINI GIAN BATTISTA 8                                   ;1265
VIA PASSERINI GIAN BATTISTA 8                                   ;1267
VIA ASTURIE 1                                                   ;1268
VIA GOFFREDO DA BUSSERO 9                                       ;1270
VIA GOFFREDO DA BUSSERO 9                                       ;1271
VIA DE NICOLA ENRICO 40                                         ;1273
VIA ANCO MARZIO 9                                               ;1274
VIA RUSSO VINCENZO 23/A                                         ;1275
VIA PASCAL CARLO 35/A                                           ;1276
VIA DE ANDREIS LUIGI 10/A                                       ;1280
VIA POLESINE 12                                                 ;1283
VIA MARTINENGO FRANCESCO 36                                     ;1285
VIA POLESINE 12                                                 ;1286
VIA MINCIO 21                                                   ;1287
VIA VAL D'INTELVI 11/A                                          ;1291
VIA PEPERE ALBERTO 2                                            ;1292
VIA CITTADINI PIER FRANCESCO 11/A                               ;1294
VIA BOTTELLI GIUSEPPE 1                                         ;1296
VIA PIANELL SALVATORE 40                                        ;1297
VIA LORIA MOISE 37                                              ;1304
VIA UCCELLO PAOLO 1/A                                           ;1307
PLE TURR STEFANO 1                                              ;1309
VIA MAC MAHON 98/A                                              ;1312
VIA CESALPINO ANDREA 38                                         ;1314
VIA CESALPINO ANDREA 38/A                                       ;1315
VIA CALABRIA DON GIOVANNI 16                                    ;1316
VIA DELL'ARCADIA 24                                             ;1317
VIA VALVASSORI PERONI CARLO 8                                   ;1318
VLE MUGELLO 5                                                   ;1319
VLE MUGELLO 5                                                   ;1320
VIA EINSTEIN ALBERTO 3                                          ;1321
VIA S. DIONIGI 36                                               ;1323
VIA ANTONINI GIACOMO 50                                         ;1324
VIA CARRIERA ROSALBA 12                                         ;1326
VIA DEI NARCISI 4                                               ;1328
VIA FORZE ARMATE 67                                             ;1329
VIA DOLCI CARLO 5/A                                             ;1331
VIA GNOCCHI DON CARLO 25                                        ;1332
VIA DEL CARDELLINO 51                                           ;1333
VIA OJETTI UGO 13                                               ;1334
VIA CONSOLE MARCELLO 9                                          ;1338
VIA CITTADINI PIER FRANCESCO 11/A                               ;1339
VIA GRAF ARTURO 70/B                                            ;1340
VIA GABBRO 6                                                    ;1341
VIA VEGLIA 80                                                   ;1342
VLE ZARA 96                                                     ;1343
VIA VEGLIA 80                                                   ;1345
VIA DE CONTI BERNARDINO 3                                       ;1346
VIA PINI TOMMASO 3/A                                            ;1348
VIA POLESINE 14                                                 ;1349
VIA DELLA GIUSTIZIA 6                                           ;1350
VIA VEGLIA 82                                                   ;1351
VIA CROCEFISSO 15                                               ;1352
VIA OJETTI UGO 13                                               ;1354
VIA OLONA 14                                                    ;1357
VIA COLA DI RIENZO 1                                            ;1358
PZA SICILIA 2                                                   ;1359
VIA MANTEGNA ANDREA 10/A                                        ;1361
VIA MAC MAHON 98                                                ;1362
VIA PASCAL CARLO 35                                             ;1366
VIA PASCAL CARLO 35                                             ;1368
VIA CESALPINO ANDREA 38/A                                       ;1369
VIA SAN MAMETE 11                                               ;1371
VIA CARNIA 32                                                   ;1373
VIA PASCAL CARLO 35/A                                           ;1374
VIA PASCAL CARLO 35                                             ;1375
VIA DE ANDREIS LUIGI 10/A                                       ;1377
VIA GENTILINO 14                                                ;1382
VIA SCROSATI LUIGI 3                                            ;1383
VIA VESPRI SICILIANI 75                                         ;1384
VIA OSTENO 1                                                    ;1387
VIA OSTENO 1                                                    ;1388
VIA GABBRO 6                                                    ;1391
VIA SAPONARO MICHELE 20/A                                       ;1392
VIA DELLE ANDE 4/A                                              ;1394
PLE ISTRIA 11/A                                                 ;1396
VIA VEGLIA 80                                                   ;1398
VIA PIANELL SALVATORE 40                                        ;1399
VIA BALSAMO CRIVELLI 3                                          ;1400
VIA DEI NARCISI 2                                               ;1401
VIA SACCHINI ANTONIO 34                                         ;1403
VIA PISTOIA 30                                                  ;1404
VIA PEPERE ALBERTO 2                                            ;1406
VIA BOGNETTI GIOVANNI E G 15                                    ;1407
VIA DEI NARCISI 4/A                                             ;1410
VIA DEI NARCISI 2/A                                             ;1411
VIA DEI NARCISI 2/A                                             ;1412
VIA CRIMEA 22                                                   ;1413
VIA DELL'ARCADIA 24                                             ;1415
PZA SANTA MARIA NASCENTE 30                                     ;1417
VIA DE NICOLA ENRICO 2/A                                        ;1419
VIA MARTINENGO FRANCESCO 36                                     ;1420
VIA ARIBERTO 14                                                 ;1421
VIA BOCCONI FERDINANDO 15                                       ;1423
VIA BRUNACCI VINCENZO 2                                         ;1424
VIA SAN COLOMBANO 8                                             ;1425
VIA DOLCI CARLO 5/A                                             ;1426
VIA MOSCATI PIETRO 5/A                                          ;1428
VIA CESALPINO ANDREA 38                                         ;1430
VIA BRESCIANI TURRONI COSTANTINO 3                              ;1432
VIA SAPONARO MICHELE 36/A                                       ;1439
VIA DEI NARCISI 4/A                                             ;1441
VIA VAL D'INTELVI 11                                            ;1442
VIA ZUARA 7                                                     ;1443
VIA FORZE ARMATE 279                                            ;1446
VIA VAL D'INTELVI 11                                            ;1447
VIA GNOCCHI DON CARLO 25                                        ;1448
PZA SANTA MARIA NASCENTE 30                                     ;1449
VIA PARETO VILFREDO 26                                          ;1450
VIA CONSOLE MARCELLO 9/A                                        ;1451
VIA DE ROSSI GIOVANNI BATTISTA 2                                ;1452
VIA MAC MAHON 96                                                ;1453
VIA DE ROSSI GIOVANNI BATTISTA 2                                ;1454
VIA GUICCIARDI DIEGO 1                                          ;1455
VIA GUICCIARDI DIEGO 1                                          ;1457
VIA GUICCIARDI DIEGO 1                                          ;1458
VIA TRECHI SIGISMONDO 11                                        ;1459
VIA FABRIANO 4                                                  ;1460
VIA MUZIO EMANUELE 5/A                                          ;1461
VIA PIANELL SALVATORE 40                                        ;1463
VIA PASSERINI GIAN BATTISTA 8/B                                 ;1464
VIA GOFFREDO DA BUSSERO 9                                       ;1465
VIA DE ANDREIS LUIGI 10/A                                       ;1466
VIA CAVIGLIA ENRICO 8                                           ;1468
VIA DEGLI ANEMONI 10                                            ;1470
PLE ISTRIA 11/A                                                 ;1471
VIA DORA BALTEA 16                                              ;1474
VIA GATTAMELATA 37                                              ;1476
VIA CAGLIERO GIOVANNI 20                                        ;1478
VIA CESALPINO ANDREA 38                                         ;1479
VIA PEPERE ALBERTO 2                                            ;1480
VIA GABBRO 6                                                    ;1483
VLE BRIANZA 18/A                                                ;1484
VIA COSTA ANDREA 24                                             ;1486
VIA MONTE BALDO 11                                              ;1488
VIA SALERNO 1                                                   ;1489
VIA PARAVIA PIER ALESSANDRO 85                                  ;1491
VIA VALDAGNO 8                                                  ;1492
VIA PASSERINI GIAN BATTISTA 8                                   ;1494
VIA PASSERINI GIAN BATTISTA 8/A                                 ;1495
PLE ISTRIA 11                                                   ;1496
VIA MARTINENGO FRANCESCO 36/A                                   ;1499
VIA CARRIERA ROSALBA 12                                         ;1500
VIA SCROSATI LUIGI 4                                            ;1501
PZA ASCOLI GRAZIADIO ISAIA 2/A                                  ;1503
VIA DECORATI AL VALOR CIVILE 10                                 ;1504
VIA DALMAZIA 4                                                  ;1505
VIA GOFFREDO DA BUSSERO 9                                       ;1506
VIA GIUSTI GIUSEPPE 15/B                                        ;1507
VIA CROCEFISSO 11                                               ;1508
VIA PISTOIA 30                                                  ;1512
PZA GASPARRI CARD PIETRO 6                                      ;1514
PZA GASPARRI CARD PIETRO 6                                      ;1515
VIA MINCIO 21                                                   ;1516
VIA PESCARENICO 6/A                                             ;1517
VIA MARTINETTI PIERO 25                                         ;1520
BNI DI PORTA VOLTA 16/A                                         ;1521
VIA MONTE BALDO 11                                              ;1523
VIA JACOPO DAL VERME 10/A                                       ;1525
VIA VAL D'INTELVI 11/A                                          ;1526
VIA DEL VOLGA 3                                                 ;1528
VIA DECORATI AL VALOR CIVILE 10                                 ;1529
VIA CARNIA 32/A                                                 ;1530
VIA VESPRI SICILIANI 75                                         ;1531
VIA DI RUDINI ANTONIO 8                                         ;1532
PZA OSPEDALE MAGGIORE 3                                         ;1534
PZA OSPEDALE MAGGIORE 3                                         ;1535
PZA OSPEDALE MAGGIORE 3                                         ;1536
VIA OLGETTINA 48                                                ;1538
VIA VENEZIAN GIACOMO 1                                          ;1539
PZA FERRARI ANDREA 1                                            ;1540
VIA SFORZA FRANCESCO 35                                         ;1541
VIA S.VITTORE 12                                                ;1544
VIA BARTOLOMEO D'ALVIANO 78                                     ;1547
VIA PALAZZOLO DON LUIGI 21                                      ;1550
VIA TOSI FRANCO 21                                              ;1552
VIA LORIA MOISE 37/A                                            ;1553
VIA ZUARA 7/A                                                   ;1554
VIA PARAVIA PIER ALESSANDRO 85                                  ;1556
VIA LINNEO CARLO 2                                              ;1558
VIA MONVISO 2                                                   ;1559
VIA COSTA ANDREA 24/A                                           ;1565
VLE BRIANZA 18                                                  ;1566
VIA MATTEI GIANFRANCO 12/A                                      ;1568
VIA CALABRIA DON GIOVANNI 16                                    ;1571
VIA CARNIA 32/A                                                 ;1572
VIA CARNIA 32/A                                                 ;1573
VIA CARNIA 32                                                   ;1574
VIA DE ANDREIS LUIGI 10/A                                       ;1579
VIA PALMIERI NICOLA 24                                          ;1583
VIA CARRIERA ROSALBA 12                                         ;1586
VIA DEL CARDELLINO 51                                           ;1587
VIA SCROSATI LUIGI 3                                            ;1588
VIA SCROSATI LUIGI 4                                            ;1590
VIA ZUARA 7/A                                                   ;1592
VIA MARTINETTI PIERO 25/A                                       ;1593
VIA LAMENNAIS 20/A                                              ;1594
VIA LOVERE 4                                                    ;1595
VIA GALLARATE 15                                                ;1596
VIA MAFFUCCI ANGIOLO 60                                         ;1597
PZA GASPARRI CARD PIETRO 6                                      ;1599
PZA GASPARRI CARD PIETRO 6/A                                    ;1601
VIA MUZIO EMANUELE 5/A                                          ;1605
VIA CAGLIERO GIOVANNI 20                                        ;1606
VIA CAGLIERO GIOVANNI 20                                        ;1608
VIA PASSERINI GIAN BATTISTA 8/A                                 ;1609
VIA PINI TOMMASO 3                                              ;1610
VIA QUADRONNO 32                                                ;1613
VIA SAPONARO MICHELE 20/A                                       ;1615
LGO GUERRIERI GONZAGA A. 4/A                                    ;1616
LGO GUERRIERI GONZAGA A. 4                                      ;1617
VIA VESPRI SICILIANI 75                                         ;1620
VIA GNOCCHI DON CARLO 25                                        ;1621
VIA GOFFREDO DA BUSSERO 9                                       ;1622
VIA DELLA COMMENDA 22                                           ;1625
VIA PESTALOZZI GIOVANNI 13                                      ;1630
VIA MAURI ANGELO 10                                             ;1634
VIA SARDEGNA 14                                                 ;1635
VIA UCCELLO PAOLO 1/A                                           ;1637
VIA DE NICOLA ENRICO 2                                          ;1638
VIA GATTAMELATA 37                                              ;1641
VIA MANTEGNA ANDREA 10/A                                        ;1643
VIA MANTEGNA ANDREA 10/A                                        ;1644
VIA MONVISO 2                                                   ;1645
VIA MAC MAHON 96                                                ;1647
VIA SAPONARO MICHELE 36/A                                       ;1649
VIA CASATI FELICE 6                                             ;1657
VIA MATTEI GIANFRANCO 12                                        ;1658
VIA RUSSO VINCENZO 23/A                                         ;1659
VIA BRESCIANI TURRONI COSTANTINO 5                              ;1660
VIA CARNIA 32/A                                                 ;1662
VIA CALABRIA DON GIOVANNI 16                                    ;1663
PZA SAN GEROLAMO 2                                              ;1667
VIA DE ANDREIS LUIGI 10                                         ;1668
VLE MUGELLO 5                                                   ;1669
VIA PASSERINI GIAN BATTISTA 8                                   ;1670
VIA PALMIERI NICOLA 24                                          ;1676
VIA BARONA 70                                                   ;1677
VIA PASSERINI GIAN BATTISTA 8/A                                 ;1679
VIA PIANELL SALVATORE 40/A                                      ;1680
VIA IVREA 6/A                                                   ;1682
VIA IVREA 6                                                     ;1683
VIA CONSOLE MARCELLO 9/A                                        ;1685
VIA DOLCI CARLO 5/A                                             ;1688
VIA UCCELLO PAOLO 1/A                                           ;1691
VIA SAPONARO MICHELE 20/A                                       ;1693
VIA FORZE ARMATE 279/A                                          ;1695
VIA ZUARA 7/A                                                   ;1696
VIA CRIMEA 22                                                   ;1699
VIA ZUARA 7                                                     ;1701
VIA SCROSATI LUIGI 3/A                                          ;1705
VIA SCROSATI LUIGI 4                                            ;1706
VIA CONSOLE MARCELLO 9                                          ;1708
VIA CAGLIERO GIOVANNI 20                                        ;1709
VIA PASSERINI GIAN BATTISTA 8/B                                 ;1710
VIA DEGLI ANEMONI 10/A                                          ;1711
LGO GUERRIERI GONZAGA A. 4                                      ;1712
VIA VAL LAGARINA 44                                             ;1717
VIA VAL LAGARINA 44                                             ;1718
VIA GRAF ARTURO 70/B                                            ;1719
VIA GRAF ARTURO 70/A                                            ;1720
VIA GRAF ARTURO 70/A                                            ;1721
VIA SCROSATI LUIGI 4                                            ;1722
VIA DALMAZIA 4                                                  ;1724
VIA DECORATI AL VALOR CIVILE 10                                 ;1725
VIA SAPONARO MICHELE 20/A                                       ;1727
VIA DEI SALICI 2                                                ;1732
VIA DEI SALICI 2                                                ;1733
VIA MANN THOMAS 8/A                                             ;1735
VIA SANT'ERLEMBARDO 4                                           ;1739
VIA QUARENGHI GIACOMO 14                                        ;1743
VIA CILEA FRANCESCO 12                                          ;1744
VIA VITERBO 31                                                  ;1745
VIA LOVERE 4                                                    ;1747
VIA GNOCCHI DON CARLO 25                                        ;1749
VIA FORZE ARMATE 279/A                                          ;1750
VIA GNOCCHI DON CARLO 25/A                                      ;1751
VIA LORIA MOISE 37/A                                            ;1753
VIA GNOCCHI DON CARLO 25                                        ;1754
VIA COLONNA VITTORIA 42                                         ;1758
VIA RASORI GIOVANNI 19                                          ;1759
VIA SCROSATI LUIGI 3                                            ;1760
VIA SCROSATI LUIGI 3                                            ;1761
VIA DALMAZIA 4                                                  ;1762
VIA PADOVA 69                                                   ;1764
VIA LINNEO CARLO 2/A                                            ;1765
VIA FARAVELLI LUIGI G. 32                                       ;1772
VIA BARONA 70                                                   ;1773
VIA FABRIANO 4                                                  ;1774
VIA MAC MAHON 98/A                                              ;1780
VIA MATTEUCCI CARLO 3                                           ;1781
PZA SANTA MARIA NASCENTE 30                                     ;1786
VIA MANN THOMAS 8/A                                             ;1787
VIA DELL'ARCADIA 24                                             ;1789
VIA DECORATI AL VALOR CIVILE 10                                 ;1790
VIA COLA DI RIENZO 1                                            ;1794
VIA QUARENGHI GIACOMO 14                                        ;1799
VIA PADOVA 69                                                   ;1800
VIA LAMENNAIS 20                                                ;1801
VIA CESALPINO ANDREA 38                                         ;1806
VIA BRESCIANI TURRONI COSTANTINO 3                              ;1809
VIA CALABRIA DON GIOVANNI 16                                    ;1811
VIA CARNIA 32                                                   ;1815
VIA FELTRE 68/1A                                                ;1818
VIA FELTRE 68/1                                                 ;1819
PZA LEONARDO DA VINCI 2                                         ;1823
VIA VAL LAGARINA 44                                             ;1824
VIA VAL LAGARINA 44                                             ;1826
VIA UCELLI DI NEMI GUIDO 54                                     ;1832
VLE ROMAGNA 18                                                  ;1833
VLE ROMAGNA 18                                                  ;1834
LGO GUERRIERI GONZAGA A. 4                                      ;1842
VIA DEL VOLGA 3                                                 ;1846
VIA MARTINENGO FRANCESCO 36                                     ;1847
VIA CAVIGLIA ENRICO 8                                           ;1848
VIA POLESINE 14                                                 ;1851
VIA S. DIONIGI 36/A                                             ;1855
VIA PESTALOZZI GIOVANNI 13                                      ;1863
VIA FORZE ARMATE 65                                             ;1872
VIA CRIMEA 22                                                   ;1873
VIA FORZE ARMATE 67                                             ;1882
VIA VAL D'INTELVI 11/A                                          ;1884
VIA MONTE BALDO 11/A                                            ;1887
VIA MARTINETTI PIERO 25/A                                       ;1888
VIA CILEA FRANCESCO 12/A                                        ;1890
VIA LOVERE 4                                                    ;1891
VIA CITTADINI PIER FRANCESCO 11/A                               ;1900
VIA PEPE GUGLIELMO 40                                           ;1910
VIA DE CONTI BERNARDINO 3                                       ;1911
VIA SCIALOIA VITTORIO 19                                        ;1916
VLE ZARA 96                                                     ;1920
PLE ISTRIA 11/A                                                 ;1921
VIA PASSERINI GIAN BATTISTA 8/B                                 ;1924
VIA CAVIGLIA ENRICO 8                                           ;1928
VIA FARAVELLI LUIGI G. 32                                       ;1930
VIA PIANELL SALVATORE 40/A                                      ;1931
VIA MANN THOMAS 8/A                                             ;1932
VIA SAVONA 71/B                                                 ;1934
VIA GATTAMELATA 37                                              ;1936
VIA GOFFREDO DA BUSSERO 9                                       ;1945
VIA ANTONINI GIACOMO 50                                         ;1947
VIA VALDAGNO 8                                                  ;1952
VIA GUICCIARDI DIEGO 1                                          ;1954
VIA DEI NARCISI 2/A                                             ;1957
VIA MONTE VELINO 4/A                                            ;1958
VIA LAMENNAIS 20/A                                              ;1959
VIA SALERNO 3                                                   ;1961
VIA PASSERINI GIAN BATTISTA 8/A                                 ;1969
PZA GASPARRI CARD PIETRO 6                                      ;1973
VIA OGLIO 20                                                    ;1975
VIA CRIMEA 22/A                                                 ;1976
VIA PISTOIA 30                                                  ;1979
VIA FELTRE 68/1A                                                ;1981
VIA MANTEGNA ANDREA 10/A                                        ;1983
VIA DEL VOLGA 3                                                 ;1985
VIA SANT'ERLEMBARDO 4                                           ;1989
VIA PADOVA 69                                                   ;1991
VIA ANSELMO DA BAGGIO 60                                        ;1992
VIA MINCIO 21                                                   ;1995
VIA ZUARA 7/A                                                   ;1997
PZA GASPARRI CARD PIETRO 6                                      ;2000
PZA GASPARRI CARD PIETRO 6/A                                    ;2001
VIA VEGLIA 80                                                   ;2004
VIA TOSI FRANCO 21                                              ;2015
VIA DOLCI CARLO 5/A                                             ;2017
VIA PISTOIA 30                                                  ;2019
VIA GNOCCHI DON CARLO 25/A                                      ;2021
VIA GRAF ARTURO 70                                              ;2024
VIA ANTONINI GIACOMO 3                                          ;2026
VIA LORIA MOISE 37                                              ;2029
VIA AIRAGHI 42                                                  ;2042
VIA SCROSATI LUIGI 4                                            ;2044
VIA PESTALOZZI GIOVANNI 13                                      ;2046
VIA BRESCIANI TURRONI COSTANTINO 3                              ;2050
VIA SALERNO 1                                                   ;2053
VIA PESCARENICO 6                                               ;2055
VIA VESPRI SICILIANI 75                                         ;2058
VIA GRAF ARTURO 70                                              ;2060
VIA GRAF ARTURO 70                                              ;2062
VIA GRAF ARTURO 70/A                                            ;2063
VIA GRAF ARTURO 70/B                                            ;2064
VIA MONTE BALDO 11/A                                            ;2065
VIA SAN GIACOMO 1                                               ;2066
VIA CRIMEA 22/A                                                 ;2069
VIA FELTRE 68/1                                                 ;2070
VIA MARTINETTI PIERO 25/A                                       ;2072
VIA PAREA CARLO 4                                               ;2082
VIA VEGLIA 80                                                   ;2083
VIA MONVISO 2                                                   ;2089
PZA ASCOLI GRAZIADIO ISAIA 2/B                                  ;2091
VIA PESTALOZZI GIOVANNI 13                                      ;2092
VIA GIACOSA GIUSEPPE 46                                         ;2102
VIA FELTRE 68/1                                                 ;2103
VIA EINSTEIN ALBERTO 3                                          ;2105
VIA MONTE POPERA 12/A                                           ;2107
VIA MONTE POPERA 12/A                                           ;2108
VIA AIRAGHI 42                                                  ;2117
VIA CILEA FRANCESCO 12                                          ;2120
VIA PARAVIA PIER ALESSANDRO 83                                  ;2124
VIA ASTURIE 1                                                   ;2132
VIA DELL'ARCADIA 24/A                                           ;2141
VIA DE ANDREIS LUIGI 10/A                                       ;2144
VIA FORZE ARMATE 279                                            ;2147
VIA SAN MAMETE 11/A                                             ;2158
VIA SAN MAMETE 11/B                                             ;2159
VIA DALMAZIA 4                                                  ;2172
VIA PESCARENICO 6                                               ;2181
VIA FELTRE 68/1A                                                ;2183
VIA MARTINETTI PIERO 25/A                                       ;2184
VIA SAN GIACOMO 1                                               ;2186
VIA PALMIERI NICOLA 24/A                                        ;2192
VIA PESCARENICO 6                                               ;2193
VIA PESCARENICO 6                                               ;2195
LGO GUERRIERI GONZAGA A. 4                                      ;2196
VIA ANSELMO DA BAGGIO 60                                        ;2210
VIA DEI NARCISI 4/A                                             ;2212
VIA CITTADINI PIER FRANCESCO 11/A                               ;2222
VIA GUICCIARDI DIEGO 1                                          ;2229
VIA CRIMEA 22                                                   ;2241
VIA DE CONTI BERNARDINO 3                                       ;2243
